delta,alpha_-20.0deg,alpha_-19.0deg,alpha_-18.0deg,alpha_-17.0deg,alpha_-16.0deg,alpha_-15.0deg,alpha_-14.0deg,alpha_-13.0deg,alpha_-12.0deg,alpha_-11.0deg,alpha_-10.0deg,alpha_-9.0deg,alpha_-8.0deg,alpha_-7.0deg,alpha_-6.0deg,alpha_-5.0deg,alpha_-4.0deg,alpha_-3.0deg,alpha_-2.0deg,alpha_-1.0deg,alpha_0.0deg,alpha_1.0deg,alpha_2.0deg,alpha_3.0deg,alpha_4.0deg,alpha_5.0deg,alpha_6.0deg,alpha_7.0deg,alpha_8.0deg,alpha_9.0deg,alpha_10.0deg,alpha_11.0deg,alpha_12.0deg,alpha_13.0deg,alpha_14.0deg,alpha_15.0deg,alpha_16.0deg,alpha_17.0deg,alpha_18.0deg,alpha_19.0deg,alpha_20.0deg
-0.1,0.3290972974605118,0.3185234039798736,0.3076629654652846,0.2965122250516498,0.2851110575386756,0.2735791778528943,0.26224055911327565,0.25120071185579423,0.23866663522453993,0.2305456945040639,0.13092265443580453,0.06250217040274646,0.0497969942704303,0.041861929370302746,0.0358216150075132,0.03132389976495934,0.028023333994580124,0.025525690806660263,0.023512080743882585,0.021786386852760197,0.020207161925132344,0.018624449812336418,0.01694086620178985,0.0151368580136424,0.013706313946480411,0.012590207302671855,0.010150410813856585,0.012646927250015408,0.015030380305222706,0.016115220873787507,0.016514422817091635,0.01662660639808183,0.016735840068859392,0.018839828354313862,0.021418197736485994,0.0233269841711284,0.026363535494283268,0.03047513317566255,0.03549205890095162,0.041531689398381755,0.048908219361201544
-0.09000000000000001,0.317216712488656,0.3073338932574285,0.29722790795892046,0.28680993687506967,0.2760378774567801,0.26502052041990515,0.2541006142686529,0.24283715396395797,0.2301447948707538,0.21214367084025337,0.07829735237578846,0.05304617176260372,0.04382373650344491,0.037019789985736656,0.0317678302196501,0.027835651056298514,0.024871720765827773,0.02254651906228574,0.02063263500901931,0.01898357946322913,0.017459978101911845,0.015952847156405055,0.014413965298572294,0.012947798668717194,0.01197908978201769,0.009889809471350007,0.010216213019975285,0.012836793833320688,0.014147477319517696,0.014630068375104385,0.014806166698904426,0.01487381249239269,0.01549662009845904,0.018298564282735522,0.019957248094495905,0.022067386680698214,0.025548706617099282,0.03043529592848952,0.03657439728516113,0.043975206134058455,0.053001019206744424
-0.08,0.3054772659067508,0.29585443477127055,0.2860008953592353,0.27593671928666236,0.2656625150993363,0.2552498747807256,0.24481733284557733,0.2329662104826988,0.22290137947063096,0.14208531120766488,0.05874430938581009,0.046181152746128155,0.03864644229434701,0.03274714166709896,0.028204466769810598,0.024751987957218786,0.022064084997111596,0.019896241873268203,0.018093741286824755,0.016531009705661112,0.015098892634144236,0.013750788858672109,0.01240298457951712,0.011378500805529946,0.010334002651443658,0.008410545187653433,0.010883070644594523,0.012446173542354812,0.013028718327996604,0.013224984865179553,0.013333045810266737,0.01351442000462514,0.015169615697995794,0.01755378007158523,0.01912373423202345,0.02169041641115254,0.025878851717169925,0.03178497551712018,0.03915256902444939,0.048003233619727505,0.058888016502196584
-0.07,0.2940997248875241,0.28463404475241133,0.2750625456675016,0.2652631358109083,0.2551640156134298,0.2449504689656085,0.2343358124463838,0.2209177934322679,0.20466047164122078,0.07029476841103512,0.04805649524838419,0.03982484284404748,0.03358427407387315,0.02864300555811373,0.02484078957920049,0.02187355945288288,0.019484878341528015,0.01751477374660452,0.015853764915431078,0.014414862488570216,0.01316490883648154,0.012011453120162508,0.010979560646742116,0.010239677477314057,0.00793385942122191,0.009131987163328973,0.01092970572079409,0.011646578639399045,0.011871029234764732,0.011990107193937382,0.012151598605107495,0.012811504713539503,0.015327036179802798,0.017160114622021796,0.019126774840826297,0.022398632247131175,0.02762018595925438,0.03476019503212477,0.043342871195573694,0.05345786066554713,0.06550596524296931
-0.060000000000000005,0.283525382964697,0.2739278335036936,0.2642090272120062,0.2543150500347797,0.24424274153547357,0.23403442749040582,0.22246474844219377,0.2093795532721496,0.1368028551324309,0.05268341437399492,0.041711581155462925,0.03501658897494006,0.029641803505350835,0.025412114442462327,0.022117420308466335,0.01948587139465519,0.017332543856373735,0.015542757458878226,0.01403629803015174,0.012781861931694229,0.011731260831157785,0.010722605200123659,0.009970854697880852,0.008799965640743963,0.0076795746722703685,0.00952162991330355,0.01035946972759473,0.010641105949171803,0.010771665832302208,0.010976344434789115,0.011352592404304591,0.012970488850907702,0.015497983431467148,0.01732973860515196,0.019844795877600078,0.02392899856257524,0.030131261606742885,0.03788529072726441,0.046675370463840134,0.05704164722995119,0.06960939881113486
-0.05,0.27343401580835974,0.2637654882237008,0.25389125373001414,0.24376058674897552,0.23340627374932918,0.2225734431787005,0.20842948121025845,0.19108747718431632,0.06370531082991146,0.04300967909091417,0.035708685122307585,0.030145225720537062,0.025709754203370315,0.02223998055733487,0.019462788739530352,0.017191636639684288,0.015311101379327136,0.013747411750742731,0.012475957334679426,0.011469467642651351,0.010557497215178943,0.009783394024274096,0.00913685104825301,0.006971815619631591,0.008243220010707684,0.00916503307238946,0.009537234033629617,0.009724557641196365,0.009974676349603256,0.010382175423084266,0.01130643663561634,0.013805827389610536,0.016076261830499032,0.018210012628812274,0.021213239811059707,0.025853710479485943,0.032280105900208474,0.03999575267372143,0.04928762512783423,0.06089828708243136,0.0749744177196208
-0.04000000000000001,0.2634905892435561,0.2536855128988387,0.2435701449266345,0.23308933341323657,0.22224972356352748,0.21019901071607278,0.19429501432521076,0.13467003177130568,0.047341850142449814,0.036947530632432286,0.030910637558264672,0.026160679478431245,0.02244819716779445,0.019544219473908133,0.01719081531986611,0.015227535614221199,0.013590282688095855,0.012262958813774616,0.011236130145151735,0.010386001802568993,0.009602444759774686,0.00903844028663901,0.007634815983590405,0.007165649520871098,0.008112587332067132,0.00857510427972037,0.008844516008322935,0.009135197843990339,0.009590951582977444,0.010281355058508425,0.012062960051575288,0.014682687654293224,0.016687063529591224,0.01890499929001544,0.02220892409136267,0.027408575625353926,0.03447061133618864,0.04326251926154656,0.05421513590119138,0.06781945020488309,0.08368883442496099
-0.03,0.2535549625667487,0.2436294412273356,0.2332790099028106,0.2224349181102537,0.21088022307991683,0.19616479245025925,0.17609832013878168,0.06120760134020679,0.03834572063670414,0.031273151343604255,0.02603827134991742,0.02206442902950083,0.01913605936914929,0.01681745385673505,0.014920679312061797,0.013343117033482716,0.012031203909281184,0.010990045413383439,0.010162872422295768,0.009411830581698182,0.008857087216593031,0.008270615233730762,0.006494493657841011,0.007289596446144652,0.007798702386737522,0.008112542002190047,0.008406495325958406,0.008846141025374248,0.009484971261269032,0.010672219172200771,0.013036728638420942,0.01537095409745878,0.017402417866261684,0.020149552309592603,0.024477284306966527,0.03080898354540122,0.039032691495817805,0.049322722055500895,0.062071746201946866,0.07741669603332815,0.09434172028745035
-0.020000000000000004,0.2433305286749095,0.23313249624175103,0.22241284871619943,0.21109224012054034,0.19860050364524842,0.1816220283514089,0.13999610477789576,0.044645348890652435,0.03297157516990001,0.02708080108180435,0.02261766124400706,0.019201406799432538,0.016495980944454924,0.014527126818667599,0.012974259460503432,0.011722891436171,0.010741333084454352,0.009947913627852766,0.009209718806840576,0.008630026514006146,0.008245781876980577,0.006814644704830147,0.006663429925990685,0.007165312762262488,0.007465007722027716,0.007766884547603575,0.008209692768146412,0.008859574521527537,0.009810671340495786,0.011748697264685718,0.014323543986092903,0.0165918402313231,0.019133221551986754,0.022806059445688608,0.02822427146335776,0.035628488474266015,0.04516423260391225,0.057156933755546216,0.07175467573892927,0.0886594174918664,0.10635455111824364
-0.010000000000000009,0.23280577809280525,0.2222511339167124,0.21110717281791516,0.19926472301164805,0.18558933926065582,0.16732033367767019,0.07875552093864327,0.036658468117880524,0.02889696033196175,0.02413195230219237,0.020312165425208452,0.017023675055822973,0.014470199705095879,0.012639097937045752,0.01133426910749095,0.01034397381308662,0.009585764950812467,0.00895354108699657,0.008395389664951434,0.008012875003393918,0.007498612893901847,0.0062401813235347285,0.006686504435411022,0.0070384572322065905,0.007428569292493747,0.007934026619984364,0.008617213773676049,0.009513050117566502,0.011103877187783742,0.013563233733106209,0.016187198970971567,0.018715026602486372,0.021996159673618572,0.02665063909714921,0.03313707156577875,0.041790708894355724,0.052943350269363115,0.0667730948167228,0.08305194279249381,0.10102807476051148,0.11890772261465404
0.0,0.2221731128336129,0.21123011012406517,0.19960980116938623,0.18702548005814387,0.17118965666199867,0.14500341427437555,0.047515391290554314,0.03179773212744921,0.026137475596448637,0.02159367886736024,0.01788570884636529,0.015112675341720531,0.013000122886841336,0.011378542726557505,0.010185226205943943,0.009318559800381638,0.008633533920410183,0.008060593309230054,0.0077385947413781365,0.00748669836726788,0.006697048098514781,0.00637812114231391,0.0068713599181431115,0.007397975817699481,0.007979173510358841,0.00867562540618649,0.009530027793613055,0.010809197808877454,0.013063358550087329,0.015900996517729124,0.01865048548614042,0.021782555737141697,0.025963364063874818,0.03165972508676151,0.039347045994519346,0.04951384342170684,0.06243669588639524,0.07787738166611724,0.09523608535804173,0.1133679500286357,0.13060272885136465
0.009999999999999995,0.21139810058087033,0.2002877313365736,0.18885600924050838,0.17698165949862613,0.16239679458522746,0.11768712829866419,0.04077161423860199,0.029254146573003233,0.023410389750770453,0.019271600715453367,0.016309625196884083,0.014077774664464367,0.012313186441976664,0.010892225322448277,0.009752945368440033,0.00883394359796691,0.008040692657053716,0.007501712859527755,0.007215663159574802,0.006941688225864032,0.0066527816489878626,0.0067871828536899955,0.007409282787579543,0.008094186593008697,0.008806906720567697,0.009631826688223209,0.010723837434984446,0.012745940684388255,0.015564258160635846,0.01869149446694513,0.021835591770971295,0.025744435621858814,0.030867332425786667,0.0376626011142754,0.04673498095811621,0.058596689462968025,0.07325043956804667,0.09000316246060446,0.10810388838302745,0.12611889635137769,0.1427336058407518
0.01999999999999999,0.20497676679405885,0.19574062353364807,0.18635482969381698,0.17499192174039765,0.15695130128772086,0.06856958794069724,0.03387947769911636,0.025287193436384157,0.020725181139871554,0.017607757981036944,0.015324419806243161,0.013537390194954332,0.012088138987479681,0.01087359273444117,0.009828792172028108,0.00886115158018012,0.008013867480368125,0.007356279027473917,0.0068831408605711875,0.00669357055711272,0.0071336485770217145,0.007580355893501217,0.008212937288986092,0.00896874517680361,0.009821102646284085,0.01086935407854705,0.012642136678845865,0.015441389233299315,0.018912473171212696,0.022265932475610675,0.02605395070706541,0.030813275075643683,0.03691676423532681,0.04492493827752493,0.05554946873426717,0.06909571673855247,0.08509063063221535,0.10249994623706538,0.1205286349933968,0.13771567770152135,0.15340681407108406
0.03,0.20384062758483693,0.1929463218999447,0.17987710951381894,0.16379271869898612,0.1409704718147708,0.04955121760846459,0.029725073951459784,0.023113643418345757,0.019417701767485595,0.01688960177253784,0.015010835365605891,0.01352809850826791,0.012295422312793122,0.011220809249886731,0.010238037871674216,0.009293488262097025,0.00845726850480882,0.007615325065729713,0.006905269251393492,0.006955509610868278,0.007859799471276357,0.008759395249173262,0.009490427787774043,0.010223993737393735,0.011241969011579374,0.012813105871274644,0.015535041940327145,0.0190689844342897,0.02285236434809816,0.026638874617312788,0.031172884506065597,0.036791635429906364,0.04392006532175383,0.053268030942402095,0.06550940936985562,0.08059265408018326,0.09753097164718015,0.11530400066311845,0.13302323537434002,0.14939479196420188,0.1644516188861555
0.04000000000000001,0.1909248455882607,0.177873924749386,0.16431920110786014,0.14870160323994022,0.11390512239682261,0.039550662887592326,0.026546819365282092,0.021366095023338996,0.018418998874122,0.016402535409535682,0.01490159899735734,0.01371717452076124,0.01269905722919553,0.011774110224876344,0.010867135525222806,0.010068560796659392,0.009239222185976441,0.008219473379685177,0.00739636780476077,0.007674904616066204,0.008858874592528213,0.010206851593331118,0.011272927112685916,0.01219567723880224,0.013465796663560745,0.01589671621159484,0.019410344674293072,0.023650944888651902,0.027650720739583096,0.032053200661753614,0.03733289094293716,0.04379871040921493,0.05200776321451984,0.0627821811126396,0.0765326216800182,0.09270547970854645,0.10989861773317586,0.12738730214270322,0.14421199496936635,0.1596096832311628,0.1741113178589795
0.04999999999999999,0.17538301834927433,0.1639339515637822,0.1520693766022408,0.13855967749102047,0.09123979964147423,0.035163787503923884,0.024959254758437136,0.020576467453388956,0.01807366173671726,0.016384922875025378,0.015164178811342882,0.014197137716040323,0.013349950095538856,0.012547094459145003,0.011791353788607559,0.011120449238078235,0.010286249668933944,0.009160374580121195,0.008429250841027237,0.00886007858771444,0.010349028028798179,0.012072930194627286,0.013469215091720416,0.014846511248648588,0.016867067489830204,0.020141058140434053,0.024331921895049284,0.028835750832940432,0.033236728683859657,0.03828598973009835,0.04427998108389618,0.05160074905826064,0.06096760454471479,0.07318879034628592,0.08827475993515996,0.10511770832152793,0.12228180178159351,0.1393213680303864,0.15522509053375705,0.169856668202866,0.18428273063238937
0.06,0.16328472661965857,0.1531599552842364,0.1426254395375352,0.13123909673078385,0.0696380524024166,0.032484098184968,0.024075278316362553,0.02025209085332751,0.01808112603469199,0.01667216807598288,0.01569719095663671,0.014928024197666673,0.014261204459982984,0.013596623060204262,0.013082210423168976,0.012525862967560811,0.011677471204019768,0.010516117632068708,0.00999443322109427,0.010662312242369394,0.012555630924297744,0.014579361309227244,0.016260685795779446,0.018186296952270774,0.02136698783794075,0.025437149505044773,0.030238138336777583,0.034853168742921166,0.03972244301114271,0.04536217331794764,0.05202599175267608,0.06021802889144525,0.07081630920868189,0.08441305756757567,0.1005155229808902,0.11746542753368044,0.13426891934404808,0.15049611488708106,0.1654270740150329,0.17950474464514263,0.19428175888908494
0.07,0.15369716990983,0.14473288546947002,0.13541485857148608,0.12412906114306281,0.050243287886185484,0.030513577774009096,0.023483708581945872,0.020178213468015353,0.018346136616413235,0.017240089501415895,0.01651432481911217,0.0159730056773553,0.015510377265927503,0.015135532109420452,0.01485043959852594,0.014382102194326406,0.013480109308088632,0.012439875206093944,0.012135657720380139,0.0132193221658729,0.01555384581756461,0.01777691594306742,0.019743431619503045,0.022532218500417693,0.026757918020774565,0.03169079035040916,0.03693333053334194,0.0417878730481804,0.04711468150401335,0.05326486082127367,0.060541523036510884,0.06963078656964004,0.08144853645045053,0.09616140255412832,0.11267488359091592,0.1291350856580233,0.1452217845622574,0.16045536491779314,0.17458563205517452,0.18822325060120024,0.20316689486853506
0.07999999999999999,0.14672549690371284,0.13925151335552358,0.13200903561329935,0.1208065624793902,0.045207812320233194,0.03046386465172977,0.02398331877716583,0.020820962033998948,0.01917488860936837,0.018287279424389128,0.017758592289898092,0.01743832917385154,0.017197990505974762,0.017201694885842073,0.017130560497568538,0.016749112131710164,0.01578060195468154,0.01490027699136762,0.014865942635737485,0.016540469275844814,0.019256718515700513,0.021585375334251866,0.023964001264292233,0.027967841424953493,0.03296044173827608,0.03855884035443979,0.04399598812318682,0.049328885439302146,0.05518422718351623,0.06181268685500022,0.06972459378781523,0.07981007693630122,0.09280827558135611,0.10839061321643871,0.12481456604201067,0.14060946255404683,0.15586872622237646,0.17013070226926008,0.18360720390694074,0.19722935093417066,0.2133327826235704
0.09,0.14370335770942735,0.13843599047885877,0.1337706524869365,0.11275993869991195,0.042603883948160184,0.030919885291794427,0.02480283204009026,0.02182326092862859,0.020420261936168586,0.019761272340679474,0.01946335333365308,0.019386124658172434,0.019560281106843172,0.0199073025263999,0.0200169084251098,0.019629065983968474,0.018640082467825444,0.01783999396850522,0.018199846308292415,0.020534368603597534,0.023494055693761597,0.02593200559239252,0.029165863139926945,0.034355442566930544,0.0399903679842929,0.045999743926232725,0.05155809813780449,0.05735604402914967,0.0637762678299639,0.07103945700885639,0.07973081517330595,0.09083395358566873,0.10480075183262112,0.12070996523550248,0.13640734995856368,0.1513369509735906,0.1656767759465053,0.1791990554091485,0.19217258999194617,0.2056301924227879,0.2225790750532284
0.1,0.1461777536531138,0.14316424392376223,0.14094664907923143,0.11130704668599614,0.04350018404733726,0.03258640522857611,0.026374204662933498,0.02339367886095185,0.02218420284501454,0.021744829422837824,0.02169145770628967,0.021872496604305396,0.022547053270548987,0.023130187836363926,0.023391105667664922,0.02289892405209608,0.02182292118328166,0.02103221872835821,0.02200670952053904,0.025051496562862756,0.028138500450073486,0.030852372382913662,0.03547047842494427,0.04147259504198659,0.04755712155763203,0.053622668877275195,0.05937936539105082,0.06557729135703169,0.07248095955377867,0.08044249757432674,0.09024149674960684,0.10268628754540911,0.11762972855499247,0.13341705618152355,0.1481209695884831,0.1621025872559677,0.17541263014512332,0.1881551191787446,0.20064546047458634,0.21473652317082167,0.23412484713883253
