delta,alpha_-20deg,alpha_-19deg,alpha_-18deg,alpha_-17deg,alpha_-16deg,alpha_-15deg,alpha_-14deg,alpha_-13deg,alpha_-12deg,alpha_-11deg,alpha_-10deg,alpha_-9deg,alpha_-8deg,alpha_-7deg,alpha_-6deg,alpha_-5deg,alpha_-4deg,alpha_-3deg,alpha_-2deg,alpha_-1deg,alpha_0deg,alpha_1deg,alpha_2deg,alpha_3deg,alpha_4deg,alpha_5deg,alpha_6deg,alpha_7deg,alpha_8deg,alpha_9deg,alpha_10deg,alpha_11deg,alpha_12deg,alpha_13deg,alpha_14deg,alpha_15deg,alpha_16deg,alpha_17deg,alpha_18deg,alpha_19deg,alpha_20deg
-0.1,,,,,,,,,,,-1.5527,-1.5978,-1.6138,-1.5961,-1.5496,-1.4837,-1.4009,-1.3065,-1.2047,-1.0985,-0.991,-0.8835,-0.7781,-0.6755,-0.5783,-0.497,-0.5464,-0.4595,,-0.0496,0.0919,0.1917,0.2689,0.4014,0.5561,0.7167,0.8449,0.8323,0.7646,0.7755,0.7898
-0.09,,,,,,,,,,-1.2039,-1.5213,-1.5639,-1.5639,-1.53,-1.4762,-1.4018,-1.3135,-1.2153,-1.1112,-1.0032,-0.8943,-0.7858,-0.6791,-0.5759,-0.4789,-0.4681,-0.4239,-0.2614,-0.0702,0.093,0.198,0.3114,0.4307,0.5581,0.677,0.819,0.8859,0.8546,,0.8939,0.9095
-0.08,,,,,,,,,,-1.4208,-1.5002,-1.5158,-1.4956,-1.4552,-1.3893,-1.3084,-1.2148,-1.1135,-1.0069,-0.8977,-0.7872,-0.6777,-0.5701,-0.4662,-0.3713,,,-0.0549,0.1014,0.2147,0.3298,0.4485,0.5721,0.7008,0.8038,0.926,0.9784,0.9687,0.9948,1.0157,1.0291
-0.07,,,,,,,,,,-1.4279,-1.4522,-1.448,-1.4219,-1.3647,-1.2889,-1.201,-1.1047,-1.0027,-0.8962,-0.7851,-0.671,-0.5594,-0.4506,-0.3465,-0.3056,-0.212,-0.0324,0.1196,0.2756,0.3793,,0.6002,0.7233,0.842,0.9392,1.0234,1.0672,1.0969,1.1233,1.1412,1.1519
-0.06,,,,,,,,,-1.0238,-1.3678,-1.3867,-1.3765,-1.3197,-1.2479,-1.1629,-1.0697,-0.9697,-0.8669,-0.7604,-0.6519,,-0.433,-0.3251,-0.2221,-0.1619,-0.0285,0.1342,0.2846,0.4314,0.5384,0.6468,0.7669,0.8831,0.9794,1.0835,1.1636,1.199,1.2343,1.2421,1.2159,1.1954
-0.05,-1.0071,-0.9733,-0.9398,-0.9044,,,,,-1.2543,-1.3139,-1.3162,-1.265,-1.1963,-1.1138,-1.022,-0.9241,-0.8223,-0.7169,-0.6092,-0.5001,-0.3906,-0.2813,-0.1735,-0.1015,0.0289,0.1884,0.339,0.4914,0.5999,0.7133,0.8309,0.9425,1.0461,1.1477,1.2444,1.2906,1.2639,1.2446,1.2285,1.2151,1.2041
-0.04,-0.6002,-0.5871,,-0.5645,,,,-1.1275,-1.2293,-1.2339,-1.2017,-1.1367,-1.0565,-0.9661,-0.8691,-0.7674,-0.6629,-0.5558,-0.4468,-0.3368,-0.2266,-0.1169,-0.0105,0.0812,0.2441,,0.5513,0.6789,0.7963,0.9121,1.0244,1.1331,1.2152,1.2741,1.2743,1.2634,1.2678,,1.2754,1.2698,1.2565
-0.03,,,,,,,,,,,,,,-0.8077,-0.7065,-0.6025,-0.4954,-0.3866,-0.2763,-0.1655,-0.0547,0.0551,0.1457,0.2914,0.464,0.6189,0.7442,0.8501,0.9535,1.05,1.1308,1.1973,1.2492,1.268,1.2996,1.3298,1.3453,1.3474,1.3416,1.3275,1.3154
-0.02,,,,,,,,-1.0348,-1.0641,-1.0072,-0.9355,-0.8451,-0.7359,-0.6399,-0.5371,-0.4305,-0.3216,-0.2116,-0.1005,,0.1219,0.2275,0.3438,0.5236,0.6562,0.7615,0.8633,0.9618,1.0532,1.1311,1.1965,1.2599,1.3113,1.3544,1.3876,1.4115,1.4183,1.4135,1.4036,1.3875,1.3698
-0.01,,,,,,,-0.7388,-0.9691,-0.964,-0.9217,-0.8144,-0.6825,-0.5641,-0.4629,-0.3593,-0.2519,-0.1424,-0.0316,0.0796,0.1909,0.3011,0.3993,0.572,0.6744,0.7752,0.8752,0.9749,1.0733,1.1631,1.2389,1.3059,1.3598,1.4077,1.4457,1.4732,1.4864,1.4855,1.4741,1.4585,1.4386,1.4227
0.0,-0.5985,-0.5647,,-0.4951,-0.4638,,-0.5984,-0.5174,-0.8851,,-0.6428,-0.5124,-0.3943,-0.287,-0.1791,-0.0697,0.041,0.1521,0.2627,0.3726,0.4784,0.5984,0.7026,0.8086,0.9147,1.0193,1.1215,1.2153,1.2928,1.3537,1.4078,1.4583,1.4993,1.5296,1.5468,1.5515,1.5445,1.5267,1.5073,1.4868,1.4739
0.01,,,,,,,-0.8299,-0.8206,-0.7169,-0.6042,-0.4788,-0.3528,-0.2296,-0.1161,-0.0019,0.1109,0.2233,0.3362,0.4475,0.5547,0.6559,0.7564,0.8619,0.9669,1.0704,1.1706,1.2647,1.342,1.3978,1.4508,1.5018,1.5444,1.5764,1.5998,1.6096,1.6069,1.5917,1.5729,1.5505,1.5345,1.5208
0.02,,,,-0.4336,,,-0.7444,-0.6706,-0.5686,-0.4472,-0.3364,-0.1996,-0.0674,0.0528,0.1673,0.2839,0.4018,0.5157,0.629,0.7367,0.829,0.9217,1.0169,1.1159,1.2112,1.2997,1.378,1.4384,1.4889,1.5392,1.5843,1.6214,1.6437,1.6598,1.6619,1.6509,1.6359,1.6121,1.5939,1.5786,1.571
0.03,-0.2664,-0.2544,-0.2413,-0.2262,,-0.6129,-0.3352,-0.5274,-0.4298,-0.3053,-0.2043,-0.072,,0.2021,0.3296,0.4514,0.575,0.6897,0.8036,0.9104,0.9886,1.0702,1.1498,1.2362,1.3239,1.4063,1.4722,1.5221,1.5702,1.6166,1.6566,1.686,1.7044,1.709,1.7076,1.6939,1.6701,1.6516,1.6342,1.6243,1.6142
0.04,,,,,,-0.5574,-0.4873,-0.4023,-0.2722,-0.1822,-0.0506,,0.186,0.3395,0.4815,0.6017,0.7266,0.8552,0.9725,1.0696,1.1204,1.1867,1.2663,1.3458,1.4244,1.4967,1.5507,1.5957,1.6414,1.684,1.7184,1.7419,1.7557,1.757,1.7459,1.7242,1.7069,1.6873,1.6758,1.6654,1.6579
0.05,-0.1997,,,,,-0.454,-0.0871,,,,,0.1448,0.2889,0.4373,0.5858,0.7075,0.8648,0.9984,1.1263,1.2001,1.2381,1.2907,1.362,1.4387,1.5143,1.571,1.6167,1.6603,1.7048,1.7436,1.7731,1.7893,1.7965,1.7907,1.776,1.7587,1.7375,1.7258,1.7143,1.706,1.7018
0.06,-0.0715,-0.0294,,,,-0.3832,0.0616,-0.2169,-0.0656,,,0.2338,0.4129,0.5298,0.6743,0.79,0.9456,1.1173,1.2551,1.318,1.3364,1.3787,1.4431,1.5168,1.5852,1.636,1.6776,1.7192,1.7612,1.7955,1.8198,1.8322,1.8324,1.8234,1.8059,1.7849,1.773,1.7603,1.7514,1.747,1.734
0.07,,,,,-0.2489,-0.3859,-0.2725,-0.1215,-0.0308,0.0908,0.2116,0.3531,0.4896,0.6048,0.7484,0.8623,1.0184,,,,1.4168,1.4537,1.5172,1.5874,1.647,1.6901,,1.7739,1.8128,1.8409,1.8585,1.8663,1.8614,1.8472,1.8339,1.8179,1.805,1.7952,1.7889,1.7781,1.7718
0.08,,,,,,,,-0.0656,-0.0634,,0.2348,0.3803,0.5451,0.6994,0.804,0.9582,,,,,1.4841,1.5206,1.5846,1.6502,1.7011,1.7391,1.7801,,1.8557,1.8805,1.8931,1.8935,1.8874,1.8756,1.8588,1.8486,1.8367,1.8292,1.8199,1.8124,1.8064
0.09,,,,-0.0535,-0.4126,,,,-0.0001,0.1239,0.2501,0.4617,0.6241,0.7341,0.8512,1.0024,1.1273,1.2622,1.434,,1.5412,1.5821,1.6452,1.7049,1.7479,1.7846,1.8253,1.8633,1.8937,1.9121,1.9222,1.9202,1.9112,1.896,1.8893,1.8755,1.868,1.8588,1.8509,1.8468,1.8307
0.1,,,,,,-0.5389,-0.2317,-0.0523,0.0939,0.2272,0.3557,,0.6406,0.805,0.9202,1.0414,1.1727,1.311,,,1.5901,1.6387,1.7001,1.7529,1.7901,1.8269,1.8666,1.9013,1.9268,1.9404,1.9439,1.9394,1.9353,1.9248,1.9121,1.9055,1.8958,1.888,1.8831,1.869,1.8597
